city,lat,lng,country,population
Tokyo,35.6897,139.6922,Japan,37732000
Jakarta,-6.175,106.8275,Indonesia,33756000
Delhi,28.61,77.23,India,32226000
Guangzhou,23.13,113.26,China,26940000
Mumbai,19.0761,72.8775,India,24973000
Manila,14.5958,120.9772,Philippines,24922000
Shanghai,31.1667,121.4667,China,24073000
São Paulo,-23.55,-46.6333,Brazil,23086000
Seoul,37.56,126.99,South Korea,23016000
Mexico City,19.4333,-99.1333,Mexico,21804000
Cairo,30.0444,31.2358,Egypt,20296000
New York,40.6943,-73.9249,United States,18972871
Dhaka,23.7639,90.3889,Bangladesh,18627000
Beijing,39.904,116.4075,China,18522000
Kolkāta,22.5675,88.37,India,18502000
Bangkok,13.7525,100.4942,Thailand,18007000
Shenzhen,22.535,114.054,China,17619000
Moscow,55.7558,37.6178,Russia,17332000
Buenos Aires,-34.5997,-58.3819,Argentina,16710000
Lagos,6.455,3.3841,Nigeria,16637000
Istanbul,41.0136,28.955,Turkey,16079000
Karachi,24.86,67.01,Pakistan,15738000
Bangalore,12.9789,77.5917,India,15386000
Ho Chi Minh City,10.7756,106.7019,Vietnam,15136000
Ōsaka,34.6939,135.5022,Japan,15126000
Chengdu,30.66,104.0633,China,14645000
Tehran,35.6892,51.3889,Iran,14148000
Kinshasa,-4.325,15.3222,Congo (Kinshasa),12836000
Rio de Janeiro,-22.9111,-43.2056,Brazil,12592000
Chennai,13.0825,80.275,India,12395000
Xi’an,34.2667,108.9,China,12328000
Lahore,31.5497,74.3436,Pakistan,12306000
Chongqing,29.55,106.5069,China,12135000
Los Angeles,34.1141,-118.4068,United States,12121244
Baoding,38.8671,115.4845,China,11860000
London,51.5072,-0.1275,United Kingdom,11262000
Paris,48.8567,2.3522,France,11060000
Linyi,35.1041,118.3502,China,11018365
Dongguan,23.0475,113.7493,China,10646000
Hyderābād,17.385,78.4867,India,10494000
Tianjin,39.1467,117.2056,China,10368000
Lima,-12.06,-77.0375,Peru,10320000
Wuhan,30.5872,114.2881,China,10251000
Nanyang,32.9987,112.5292,China,10013600
Hangzhou,30.25,120.1675,China,9523000
Foshan,23.0292,113.1056,China,9498863
Nagoya,35.1833,136.9,Japan,9197000
Tongshan,34.261,117.1859,China,9083790
Taipei,25.0375,121.5625,Taiwan,9078000
Luanda,-8.8383,13.2344,Angola,9051000
Zhoukou,33.625,114.6418,China,9026015
Ganzhou,25.8292,114.9336,China,8970014
Kuala Lumpur,3.1478,101.6953,Malaysia,8911000
Heze,35.2333,115.4333,China,8795939
Quanzhou,24.9139,118.5858,China,8782285
Chicago,41.8375,-87.6866,United States,8595181
Nanjing,32.0608,118.7789,China,8422000
Jining,35.4,116.5667,China,8357897
Hanoi,21.0283,105.8542,Vietnam,8246600
Pune,18.5203,73.8567,India,8231000
Fuyang,32.8986,115.8045,China,8200264
Ahmedabad,23.03,72.58,India,8009000
Johannesburg,-26.2044,28.0456,South Africa,8000000
Bogotá,4.7111,-74.0722,Colombia,7968095
Shenyang,41.8025,123.4281,China,7964000
Dar es Salaam,-6.8161,39.2803,Tanzania,7962000
Khartoum,15.5006,32.56,Sudan,7869000
Shangqiu,34.4259,115.6467,China,7816831
Cangzhou,38.3037,116.8452,China,7544300
Hong Kong,22.3,114.2,Hong Kong,7450000
Shaoyang,27.2418,111.4725,China,7370500
Zhanjiang,21.1967,110.4031,China,7332000
Yancheng,33.3936,120.1339,China,7260240
Hengyang,26.8968,112.5857,China,7243400
Riyadh,24.6333,46.7167,Saudi Arabia,7237000
Zhumadian,32.9773,114.0253,China,7231234
Santiago,-33.4372,-70.6506,Chile,7171000
Xingtai,37.0659,114.4753,China,7111106
Chattogram,22.335,91.8325,Bangladesh,7000000
Bijie,27.3019,105.2863,China,6899636
Shangrao,28.4419,117.9633,China,6810700
Zunyi,27.705,106.9336,China,6606675
Sūrat,21.1702,72.8311,India,6538000
Surabaya,-7.2458,112.7378,Indonesia,6499000
Huanggang,30.45,114.875,China,6333000
Maoming,21.6618,110.9178,China,6313200
Nanchong,30.7991,106.0784,China,6278614
Xinyang,32.1264,114.0672,China,6234401
Madrid,40.4169,-3.7033,Spain,6211000
Baghdad,33.3153,44.3661,Iraq,6183000
Qujing,25.5102,103.8029,China,6155400
Jieyang,23.5533,116.3649,China,6089400
Singapore,1.3,103.8,Singapore,5983000
Prayagraj,25.4358,81.8464,India,5954391
Liaocheng,36.45,115.9833,China,5952128
Dalian,38.9,121.6,China,5871474
Yulin,22.6293,110.1507,China,5849700
Changde,29.0397,111.6839,China,5827200
Qingdao,36.1167,120.4,China,5818255
Douala,4.05,9.7,Cameroon,5768400
Miami,25.784,-80.2101,United States,5711945
Nangandao,35.2992,113.8851,China,5708191
Pudong,31.2231,121.5397,China,5681512
Xiangyang,32.0654,112.1531,China,5680000
Dallas,32.7935,-96.7667,United States,5668165
Houston,29.786,-95.3885,United States,5650910
Zhengzhou,34.7492,113.6605,China,5621593
Lu’an,31.7542,116.5078,China,5611701
Dezhou,37.4513,116.3105,China,5611194
Jinan,36.6667,116.9833,China,5606374
Giza,29.987,31.2118,Egypt,5598402
Zhaotong,27.3328,103.7144,China,5591000
Yichun,27.8041,114.383,China,5573200
Nairobi,-1.2864,36.8172,Kenya,5545000
Guadalajara,20.6767,-103.3475,Mexico,5525000
Philadelphia,40.0077,-75.1339,United States,5512873
Ankara,39.93,32.85,Turkey,5503985
Tai’an,36.2001,117.0809,China,5494207
Dazhou,31.2152,107.4947,China,5468097
Langfang,39.5196,116.7006,China,5464087
Yongzhou,26.4515,111.5953,China,5452100
Toronto,43.7417,-79.3733,Canada,5429524
Suihua,46.6384,126.9808,China,5418153
Saint Petersburg,59.95,30.3167,Russia,5384342
Qiqihar,47.3398,123.9512,China,5367003
Suzhou,33.6333,116.9683,China,5352924
Monterrey,25.6667,-100.3,Mexico,5341171
Belo Horizonte,-19.9167,-43.9333,Brazil,5328000
Weinan,34.4996,109.4684,China,5286077
Rangoon,16.795,96.16,Myanmar,5209541
Zhangzhou,24.5093,117.6612,China,5140000
Yuncheng,35.0304,110.998,China,5134779
Xianyang,34.35,108.7167,China,5096001
Guilin,25.2819,110.2864,China,5085500
Atlanta,33.7628,-84.422,United States,5046555
Taizhou,32.4831,119.9,China,5031000
Kāshān,33.9833,51.4333,Iran,5000000
Bozhou,33.8626,115.7742,China,4996844
Suqian,33.9331,118.2831,China,4986192
Abidjan,5.3167,-4.0333,Côte d'Ivoire,4980000
Huaihua,27.5494,109.9592,China,4979600
Ji’an,27.1172,114.9793,China,4956600
Xiaoganzhan,30.9273,113.911,China,4921000
Pingdingshan,33.735,113.2999,China,4904701
Jiujiang,29.7048,116.0021,China,4896800
Alexandria,31.1975,29.8925,Egypt,4870000
Mianyang,31.4669,104.7385,China,4868243
Sydney,-33.8678,151.21,Australia,4840600
Huanglongsi,34.795,114.345,China,4824016
Washington,38.9047,-77.0163,United States,4810669
Barcelona,41.3825,2.1769,Spain,4800000
Changsha,28.1987,112.9709,China,4766296
Chenzhou,25.7989,113.0267,China,4744500
Anqing,30.5,117.0333,China,4723000
Jiangmen,22.5833,113.0833,China,4630300
Xinpu,34.5906,119.1801,China,4599360
Yibin,28.7596,104.64,China,4588804
Yangzhou,32.3912,119.4363,China,4559797
Melbourne,-37.8142,144.9631,Australia,4529500
Berlin,52.52,13.405,Germany,4473101
Hengshui,37.7348,115.686,China,4472000
Timbío,2.3445,-76.6839,Colombia,4444444
Kunming,25.0433,102.7061,China,4422686
Yiyang,28.5833,112.3333,China,4413800
Guigang,23.0961,109.6092,China,4409200
Changchun,43.9,125.2,China,4408154
Jiangguanchi,34.0244,113.8201,China,4379998
Meizhou,24.2998,116.1191,China,4378800
Casablanca,33.5333,-7.5833,Morocco,4370000
Zhangjiakou,40.8108,114.8811,China,4345485
Chifeng,42.2663,118.9223,China,4341245
Ürümqi,43.8225,87.6125,China,4335017
Suzhou,31.3,120.6194,China,4330000
İzmir,38.42,27.14,Turkey,4320519
Linfen,36.0812,111.5087,China,4316610
Shantou,23.3735,116.6941,China,4312192
Kabul,34.5253,69.1783,Afghanistan,4273156
Mogadishu,2.0392,45.3419,Somalia,4249083
Luzhou,28.8918,105.4409,China,4218427
Hefei,31.8639,117.2808,China,4216940
Boston,42.3188,-71.0852,United States,4208580
Liuzhou,24.3264,109.4281,China,4157934
Zhaoqing,23.05,112.4667,China,4151700
Xiaoxita,30.7083,111.2803,China,4137900
Shijiazhuang,38.0422,114.5086,China,4098243
Ningbo,29.875,121.5492,China,4087523
Fuzhou,27.9814,116.3577,China,4047200
Phoenix,33.5722,-112.0892,United States,4047095
Zhuzhou,27.8407,113.1469,China,4020800
Amman,31.9497,35.9328,Jordan,4007526
Chuzhou,32.3062,118.3115,China,3987054
Jeddah,21.5433,39.1728,Saudi Arabia,3976000
Qingyuan,23.6842,113.0507,China,3969473
Loudi,27.7378,111.9974,China,3931800
Binzhou,37.3806,118.0125,China,3928568
Deyang,31.1289,104.395,China,3877000
Taiyuan,37.8733,112.5425,China,3875053
Kano,12,8.5167,Nigeria,3848885
Wuhu,31.334,118.3622,China,3842100
Nanning,22.8192,108.315,China,3837978
Harbin,45.75,126.6333,China,3830000
Abuja,9.0667,7.4833,Nigeria,3770000
Yokohama,35.4442,139.6381,Japan,3757630
Baojishi,34.3609,107.1751,China,3738700
Zaozhuang,34.8667,117.55,China,3729140
Xiamen,24.4797,118.0819,China,3707090
Neijiang,29.5872,105.0635,China,3702847
Fuzhou,26.0769,119.2917,China,3671192
Baicheng,23.901,106.6194,China,3669400
Anshan,41.1066,122.9895,China,3645884
Yulinshi,38.2655,109.7388,China,3634750
Medan,3.5894,98.6739,Indonesia,3632000
Wenzhou,27.9991,120.6561,China,3604446
Changzhou,31.8122,119.9692,China,3601079
Puyang,35.7639,115.03,China,3598740
Jiaozuo,35.229,113.2304,China,3590700
Nanchang,28.6842,115.8872,China,3576547
Ibadan,7.3964,3.9167,Nigeria,3552000
Hechi,24.6928,108.085,China,3545700
Detroit,42.3834,-83.1024,United States,3522856
Montréal,45.5089,-73.5617,Canada,3519595
Busan,35.18,129.075,South Korea,3453198
Hohhot,40.8151,111.6629,China,3446100
Seattle,47.6211,-122.3244,United States,3438221
Hanzhong,33.0794,107.026,China,3416196
Algiers,36.7539,3.0589,Algeria,3415811
Tangshan,39.6292,118.1742,China,3399231
Shiyan,32.6351,110.7755,China,3398000
Siping,43.1715,124.3644,China,3385156
Lucknow,26.85,80.95,India,3382000
Mashhad,36.3,59.6,Iran,3372090
Boankra,6.6944,-1.4028,Ghana,3348000
Changzhi,36.1953,113.097,China,3334565
Dubai,25.2631,55.2972,United Arab Emirates,3331420
Qinzhou,21.95,108.6167,China,3304400
Guiyang,26.5794,106.7078,China,3299724
Bengbu,32.9354,117.3531,China,3296408
San Francisco,37.7558,-122.4449,United States,3290197
Bazhou,31.8576,106.7559,China,3283148
Qincheng,34.5809,105.7311,China,3262549
Suining,30.5098,105.5737,China,3252619
Wuxi,31.5667,120.2833,China,3245179
Leshan,29.5854,103.7575,China,3235759
Putian,25.4394,119.0103,China,3210714
Zhenjiang,32.2109,119.4551,China,3210418
Guang’an,30.4673,106.6336,China,3205476
Faisalabad,31.4167,73.0911,Pakistan,3203846
Tongren,27.7233,109.1885,China,3168800
Santa Cruz,-17.7892,-63.1975,Bolivia,3151676
Qinhuangdao,39.9398,119.5881,China,3146300
Tongliao,43.6172,122.264,China,3139153
Jinzhou,41.1144,121.1292,China,3126463
Heyuan,23.7503,114.6923,China,3093900
San Diego,32.8313,-117.1222,United States,3084174
Jaipur,26.9,75.8,India,3073350
Xinzhou,38.4178,112.7233,China,3067501
Lanzhou,36.0617,103.8318,China,3067141
Wuzhou,23.4833,111.3167,China,3061100
Chaoyang,41.5757,120.4486,China,3044641
Athens,37.9842,23.7281,Greece,3041131
Addis Ababa,9.03,38.74,Ethiopia,3041002
Brasília,-15.7939,-47.8828,Brazil,3039444
Taichung,24.1439,120.6794,Taiwan,3033885
Kuwait City,29.3697,47.9783,Kuwait,3000000
Budapest,47.4925,19.0514,Hungary,2997958
Shaoguan,24.8011,113.5927,China,2997600
Shanwei,22.7664,115.3331,China,2993600
Rizhao,35.4164,119.4331,China,2968365
Kyiv,50.45,30.5233,Ukraine,2963199
Quezon City,14.63,121.03,Philippines,2960048
Sanaa,15.3483,44.2064,Yemen,2957000
Meishan,30.0575,103.8381,China,2950545
Incheon,37.4833,126.6333,South Korea,2936117
Guatemala City,14.6099,-90.5252,Guatemala,2934841
Birmingham,52.48,-1.9025,United Kingdom,2919600
Ningde,26.6617,119.5228,China,2910000
Zhongshan,22.5333,113.35,China,2909633
Weihai,37.5,122.1,China,2906548
Daqing,46.5979,125.008,China,2904532
Bursa,40.1833,29.05,Turkey,2901396
Salvador,-12.9747,-38.4767,Brazil,2886698
Haikou,20.02,110.32,China,2873358
Rome,41.8931,12.4828,Italy,2872800
La Paz,-16.5,-68.15,Bolivia,2867504
Xiangtan,27.8431,112.9228,China,2864800
Pyongyang,39.0194,125.7381,North Korea,2863000
Minneapolis,44.9635,-93.2678,United States,2856952
Omdurman,15.65,32.4833,Sudan,2805396
Mudanjiang,44.5861,129.5997,China,2798723
Malang,-7.98,112.62,Indonesia,2795209
Stuttgart,48.7775,9.18,Germany,2787724
Brooklyn,40.6501,-73.9496,United States,2736074
Kaohsiung,22.615,120.2975,Taiwan,2733566
Guayaquil,-2.19,-79.8875,Ecuador,2723665
Longyan,25.0881,117.0244,China,2723637
Lisbon,38.7253,-9.15,Portugal,2719000
Tieling,42.2841,123.8365,China,2717732
Baotou,40.6562,109.8345,China,2709378
Handan,36.6116,114.4894,China,2708015
Manchester,53.4794,-2.2453,United Kingdom,2705000
Cawnpore,26.4499,80.3319,India,2701324
Dingxi,35.5806,104.6263,China,2698624
Nanping,26.6448,118.1728,China,2690000
Tampa,27.9945,-82.4447,United States,2683956
Zigong,29.3498,104.7645,China,2678899
Maracaibo,10.6333,-71.6333,Venezuela,2658355
Chaozhou,23.67,116.63,China,2656600
Denver,39.762,-104.8758,United States,2650725
Mbuji-Mayi,-6.15,23.6,Congo (Kinshasa),2643000
Weifang,36.7167,119.1,China,2636154
Huai’an,33.5058,119.1392,China,2632788
Zibo,36.7831,118.0497,China,2631647
Ankang,32.6877,109.0235,China,2629906
Baoshan,25.1211,99.169,China,2627000
Huludao,40.7094,120.8378,China,2623541
Antananarivo,-18.9333,47.5167,Madagascar,2610000
Munich,48.1375,11.575,Germany,2606021
Gulou,26.0865,119.298,China,2606000
Yanjiang,30.1256,104.6397,China,2593843
Santo Domingo,18.4764,-69.8933,Dominican Republic,2581827
Sanming,26.2658,117.6302,China,2580000
Tashkent,41.3111,69.2797,Uzbekistan,2571668
Longba,33.535,105.349,China,2567718
Yangjiang,21.8556,111.9627,China,2555600
Jiamusi,46.8081,130.3653,China,2552097
Luohe,33.583,114.0109,China,2544266
Lincang,23.8864,100.0871,China,2536000
Xuanzhou,30.9475,118.7518,China,2532938
Medellín,6.2308,-75.5906,Colombia,2529403
Yunfu,22.9242,112.0353,China,2526900
Shaoxing,30,120.5833,China,2521964
Yantai,37.3997,121.2664,China,2511053
Huizhou,23.1115,114.4152,China,2509243
Lishui,28.45,119.9167,China,2507396
Mirzāpur,25.146,82.569,India,2496970
Hamburg,53.55,10,Germany,2484800
Guangyuan,32.4353,105.8398,China,2484122
Huangshi,30.2018,115.0326,China,2471700
Cali,3.4206,-76.5222,Colombia,2471474
Xining,36.6239,101.7787,China,2467965
Lusaka,-15.4167,28.2833,Zambia,2467563
Daegu,35.8717,128.6017,South Korea,2461002
Ouagadougou,12.3686,-1.5275,Burkina Faso,2453496
Fortaleza,-3.7275,-38.5275,Brazil,2452185
Dandong,40.1167,124.3833,China,2444697
Yaoundé,3.8667,11.5167,Cameroon,2440462
Zhuhai,22.2769,113.5678,China,2439585
Yingkou,40.6653,122.2297,China,2428534
Antalya,36.8874,30.7075,Turkey,2426356
Lianshan,40.7523,120.828,China,2426000
Nāgpur,21.1497,79.0806,India,2405665
Queens,40.7498,-73.7976,United States,2405464
Jilin,43.8519,126.5481,China,2396000
Accra,5.55,-0.2,Ghana,2388000
Yuxi,24.3495,102.5432,China,2386000
Bekasi,-6.2349,106.9923,Indonesia,2381053
Ghāziābād,28.67,77.42,India,2375820
Luoyang,34.6587,112.4245,China,2372571
Brisbane,-27.4678,153.0281,Australia,2360241
Anshun,26.2456,105.934,China,2353100
Shangzhou,33.868,109.9244,China,2341742
Huainan,32.4831,117.0164,China,2333896
Depok,-6.394,106.8225,Indonesia,2330333
Kuaidamao,41.7302,125.9471,China,2324439
Colombo,6.9344,79.8428,Sri Lanka,2323826
Baku,40.3667,49.8352,Azerbaijan,2300500
Fukuoka,33.5833,130.4,Japan,2286000
Yan’an,36.5952,109.4863,China,2282581
Jincheng,35.4906,112.8483,China,2279146
Vancouver,49.25,-123.1,Canada,2264823
Nantong,31.9829,120.8873,China,2261382
Caracas,10.4806,-66.9036,Venezuela,2245744
Tangerang,-6.1783,106.6319,Indonesia,2237006
Sanmenxia,34.7736,111.195,China,2234018
Laibin,23.7333,109.2333,China,2233900
Konya,37.8667,32.4833,Turkey,2232374
Manaus,-3.1,-60.0167,Brazil,2219580
Eşfahān,32.6447,51.6675,Iran,2219343
Qinbaling,35.7278,107.64,China,2211191
Baltimore,39.3051,-76.6144,United States,2205092
Ma’anshan,31.6858,118.5101,China,2202899
Shengli,37.45,118.4667,China,2193518
Gaoping,30.7824,106.1281,China,2174000
Taizhou,28.6583,121.4221,China,2162461
Las Vegas,36.2333,-115.2654,United States,2150373
Harare,-17.8292,31.0522,Zimbabwe,2150000
Perth,-31.9559,115.8606,Australia,2141834
Havana,23.1367,-82.3589,Cuba,2141652
Phnom Penh,11.5694,104.9211,Cambodia,2129371
Puning,23.2993,116.1586,China,2118200
Huaibei,33.9562,116.789,China,2114276
Qingyang,24.8141,118.5792,China,2111000
Kowloon,22.3167,114.1833,Hong Kong,2108419
Haiphong,20.8651,106.6838,Vietnam,2103500
Chongzuo,22.4167,107.3667,China,2099400
Rawalpindi,33.6,73.0333,Pakistan,2098231
Yushan,31.3867,120.9766,China,2092496
St. Louis,38.6359,-90.2451,United States,2092481
Hezhou,24.4164,111.5478,China,2072600
Kumasi,6.6667,-1.6167,Ghana,2069350
Pingliang,35.5412,106.6819,China,2068033
Vadodara,22.3,73.2,India,2065771
Portland,45.5371,-122.65,United States,2036875
Vishākhapatnam,17.7042,83.2978,India,2035922
Baicheng,45.6148,122.832,China,2032356
Gaziantep,37.0628,37.3792,Turkey,2028563
Gujranwala,32.1567,74.19,Pakistan,2027001
Fushun,41.8708,123.8917,China,2024000
Riverside,33.9381,-117.3949,United States,2022285
Quito,-0.22,-78.5125,Ecuador,2011388
Minsk,53.9,27.5667,Belarus,2009786
Bamako,12.6458,-7.9922,Mali,2009109
Tijuana,32.525,-117.0333,Mexico,2002000
Bamenda,5.9614,10.1517,Cameroon,2000000
Boosaaso,11.2886,49.1819,Somalia,2000000
Indore,22.7167,75.8472,India,1994397
Şanlıurfa,37.1583,38.7917,Turkey,1985753
Karaj,35.8272,50.9489,Iran,1973470
Vienna,48.2083,16.3725,Austria,1973403
Kananga,-5.897,22.4488,Congo (Kinshasa),1971704
Peshawar,34.0144,71.5675,Pakistan,1970042
Sapporo,43.0667,141.35,Japan,1961690
Pingxiang,27.6333,113.85,China,1933200
Ecatepec,19.6097,-99.06,Mexico,1929926
Orlando,28.4773,-81.337,United States,1927699
Sacramento,38.5677,-121.4685,United States,1924167
Almaty,43.2775,76.8958,Kazakhstan,1916822
Aleppo,36.2,37.16,Syria,1916781
San Juan,18.3985,-66.061,Puerto Rico,1915105
San Antonio,29.4632,-98.5238,United States,1910785
Yinchuan,38.4795,106.2254,China,1901793
Santos,-23.9369,-46.325,Brazil,1897551
Blantyre,-15.7861,35.0058,Malawi,1895973
Thāne,19.1972,72.9722,India,1886941
Bucharest,44.4325,26.1039,Romania,1883425
Curitiba,-25.4297,-49.2711,Brazil,1879355
Tainan,22.9833,120.1833,Taiwan,1874686
Xiping,40.082,113.2981,China,1873000
Multan,30.1978,71.4697,Pakistan,1871843
Port Harcourt,4.8242,7.0336,Nigeria,1865000
Jixi,45.2937,130.965,China,1862165
Saidu Sharif,34.75,72.3572,Pakistan,1860310
Warsaw,52.23,21.0111,Poland,1860281
Liaoyang,41.2643,123.1772,China,1858768
Beihai,21.4667,109.1,China,1853227
Meru,0.05,37.65,Kenya,1833000
Brazzaville,-4.2694,15.2714,Congo (Brazzaville),1827000
Fuxin,42.0127,121.6486,China,1819339
Wuwei,37.9278,102.6329,China,1815059
Mersin,36.8,34.6333,Turkey,1814468
Bhopāl,23.25,77.4167,India,1798218
Lubumbashi,-11.6647,27.4794,Congo (Kinshasa),1786397
Denpasar,-8.65,115.2167,Indonesia,1779122
Davao,7.0667,125.6,Philippines,1776949
Shuyangzha,34.1299,118.7734,China,1770000
Adana,37,35.3213,Turkey,1765981
Damascus,33.5131,36.2919,Syria,1754000
Brussels,50.8467,4.3525,Belgium,1743000
Hyderabad City,25.3792,68.3683,Pakistan,1732693
Diyarbakır,37.91,40.24,Turkey,1732396
San Jose,37.3012,-121.848,United States,1729879
Chinchvad,18.6186,73.8037,India,1729320
Pittsburgh,40.4397,-79.9763,United States,1720279
Montevideo,-34.8836,-56.1819,Uruguay,1719453
Shuozhou,39.3408,112.4292,China,1714857
Cincinnati,39.1413,-84.506,United States,1712287
Benxi,41.292,123.761,China,1709538
Baiyin,36.5448,104.1766,China,1708751
Manhattan,40.7834,-73.9662,United States,1694263
Mosul,36.34,43.13,Iraq,1694000
Patna,25.6,85.1,India,1684222
Cleveland,41.4764,-81.6805,United States,1683059
Tegucigalpa,14.1,-87.2167,Honduras,1682725
Kampala,0.3136,32.5811,Uganda,1680600
Sanzhou,30.82,108.4,China,1680000
Changshu,31.65,120.7333,China,1677050
Mecca,21.4225,39.8233,Saudi Arabia,1675368
Heihe,50.2458,127.4886,China,1673899
Jingdezhen,29.2942,117.2036,China,1673200
Conakry,9.5092,-13.7122,Guinea,1667864
Caloocan City,14.65,120.97,Philippines,1661584
Indianapolis,39.7771,-86.1458,United States,1659305
Austin,30.3005,-97.7522,United States,1659251
Recife,-8.05,-34.9,Brazil,1653461
Sangereng,-6.2889,106.7181,Indonesia,1644899
Kansas City,39.1238,-94.5541,United States,1644497
Zhongli,24.965,121.2168,Taiwan,1632616
Novosibirsk,55.0333,82.9167,Russia,1625631
Bilāspur,22.09,82.15,India,1625502
Semarang,-6.9667,110.4167,Indonesia,1621384
Ludhiāna,30.91,75.85,India,1618879
Stockholm,59.3294,18.0686,Sweden,1611776
Chengtangcun,35.0833,117.15,China,1603659
Balandougou,13.3558,-9.5517,Mali,1596882
Agwār,27.18,78.02,India,1585705
Āgra,27.18,78.02,India,1585704
León de los Aldama,21.1167,-101.6833,Mexico,1579803
Puebla,19.0333,-98.1833,Mexico,1576259
Nārāyanganj,23.62,90.5,Bangladesh,1572386
Yopougon,5.3167,-4.0667,Côte d'Ivoire,1571065
Hebi,35.7497,114.2887,China,1569208
Shīrāz,29.61,52.5425,Iran,1565572
Córdoba,-31.4167,-64.1833,Argentina,1565112
Madurai,9.9252,78.1198,India,1561129
Huzhou,30.8925,120.0875,China,1558826
Tabrīz,38.0814,46.3006,Iran,1558693
Jamshedpur,22.7925,86.1842,India,1558000
Columbus,39.9862,-82.9855,United States,1556848
Sofia,42.7,23.33,Bulgaria,1547779
San José,9.9325,-84.08,Costa Rica,1543000
Kawasaki,35.5167,139.7,Japan,1539522
Zhangjiajie,29.1255,110.4844,China,1537900
Palembang,-2.9861,104.7556,Indonesia,1535952
Aba,5.1167,7.3667,Nigeria,1530000
Kōbe,34.69,135.1956,Japan,1521707
Jiaxing,30.7522,120.75,China,1518654
Charlotte,35.2083,-80.8303,United States,1516107
Guiping,23.4,110.0833,China,1511011
Lianjiang,21.6146,110.2794,China,1509400
Ximeicun,24.9633,118.3811,China,1508000
Jianguang,28.1958,115.7833,China,1507402
Yucheng,29.9888,103.0007,China,1507258
Xushan,30.1697,121.2665,China,1502000
Virginia Beach,36.7335,-76.0435,United States,1500764
Panama City,8.9833,-79.5167,Panama,1500189
Belém,-1.4558,-48.5039,Brazil,1499641
Leizhou,20.9147,110.0806,China,1494700
Gwangju,35.1653,126.8486,South Korea,1490092
Nāsik,20,73.78,India,1486053
Porto Alegre,-30.0331,-51.23,Brazil,1484941
Valencia,10.1667,-68,Venezuela,1484430
Onitsha,6.1667,6.7833,Nigeria,1483000
Abu Dhabi,24.4667,54.3667,United Arab Emirates,1483000
Zapopan,20.7167,-103.4,Mexico,1476491
Daejeon,36.351,127.385,South Korea,1475221
Bronx,40.8501,-73.8662,United States,1472654
Yekaterinburg,56.8356,60.6128,Russia,1468833
Huazhou,32.6832,112.079,China,1468061
Kyōto,35.0117,135.7683,Japan,1464890
Jinhua,29.1046,119.6494,China,1463990
Shuangyashan,46.6388,131.1545,China,1462626
Amsterdam,52.3728,4.8936,Netherlands,1459402
Pizhou,34.3422,118.0097,China,1458038
El Kelaa des Srarhna,32.0481,-7.4083,Morocco,1450021
Kharkiv,49.9925,36.2311,Ukraine,1446107
Dakar,14.6928,-17.4467,Senegal,1438725
Yangshe,31.8775,120.5512,China,1432044
Guyuan,36.008,106.2782,China,1426000
Rui’an,27.778,120.6526,China,1424667
Muscat,23.6139,58.5922,Oman,1421409
Wenling,28.3797,121.3718,China,1416199
Gaozhou,21.9135,110.8481,China,1414100
Farīdābād,28.4167,77.3,India,1404653
Chizhou,30.6583,117.4849,China,1402518
Khulna,22.8167,89.55,Bangladesh,1400689
Ulaanbaatar,47.9203,106.9172,Mongolia,1396288
Goiânia,-16.6667,-49.25,Brazil,1393575
Fuqing,25.7232,119.3735,China,1390487
Kayseri,38.7225,35.4875,Turkey,1389680
Tel Aviv-Yafo,32.08,34.78,Israel,1388400
Wuzhong,37.9874,106.1919,China,1382713
Pingdu,36.7833,119.9556,China,1378900
Belgrade,44.82,20.46,Serbia,1378682
Aurangābād,19.88,75.32,India,1371330
Yangquan,37.8576,113.5762,China,1368502
Yutan,28.3147,112.554,China,1368117
Copenhagen,55.6761,12.5683,Denmark,1366301
Milan,45.4669,9.19,Italy,1366180
Huangshan,29.7132,118.3151,China,1358980
Auckland,-36.8406,174.74,New Zealand,1346091
Santiago,19.4572,-70.6889,Dominican Republic,1343423
Milwaukee,43.0642,-87.9675,United States,1340981
Makassar,-5.1619,119.4362,Indonesia,1338663
Liangshi,27.2578,111.7351,China,1335900
Samsun,41.2903,36.3336,Turkey,1335716
Rājkot,22.3,70.7833,India,1335397
Prague,50.0875,14.4214,Czechia,1335084
Barranquilla,10.9833,-74.8019,Colombia,1326588
Al Başrah,30.515,47.81,Iraq,1326564
Saitama,35.8614,139.6456,Japan,1325843
Guarulhos,-23.4628,-46.5328,Brazil,1324781
Juárez,31.7386,-106.487,Mexico,1321004
Mandalay,21.9831,96.0844,Myanmar,1319452
Xintai,35.91,117.78,China,1315942
Wusong,30.9333,117.7667,China,1311726
Meerut,28.98,77.71,India,1305429
Yushu,44.8249,126.5451,China,1304436
Rongcheng,26.2312,104.0966,China,1302891
Huazhou,21.654,110.6294,China,1302100
Baishan,41.9377,126.4179,China,1296127
Dayan,26.8808,100.2208,China,1296000
Adelaide,-34.9275,138.6,Australia,1295714
Haicheng,40.8523,122.7474,China,1293877
Tripoli,32.8872,13.1914,Libya,1293016
Jiangyin,31.9087,120.2653,China,1285785
Yicheng,31.3697,119.8239,China,1285785
Cacuaco,-8.8053,13.2444,Angola,1279488
Porto,41.1621,-8.622,Portugal,1278210
Rosario,-32.9575,-60.6394,Argentina,1276000
Canagatan,18,121.8,Philippines,1273219
Soweto,-26.2678,27.8585,South Africa,1271628
Providence,41.823,-71.4187,United States,1270149
Helsinki,60.1708,24.9375,Finland,1268296
Jabalpur,23.1667,79.9333,India,1267564
Rucheng,32.3852,120.5634,China,1267066
Nizhniy Novgorod,56.3269,44.0075,Russia,1264075
Huaiyin,33.5819,119.028,China,1264000
Ahvāz,31.3203,48.6692,Iran,1261042
Jepara,-6.5333,110.6667,Indonesia,1257912
Shaoyang,32.9387,119.8404,China,1253548
Comayagüela,14.0981,-87.2097,Honduras,1250000
Laiwu,36.1833,117.6667,China,1248636
Sharjah,25.3575,55.3908,United Arab Emirates,1247749
Jingling,30.6667,113.1667,China,1247400
Kalamboli,19.2333,73.1333,India,1246381
Kazan,55.7964,49.1089,Russia,1243500
Yongcheng,33.9317,116.4459,China,1240382
Sumedang,-6.84,107.9208,Indonesia,1240000
Calgary,51.05,-114.0667,Canada,1239220
Cần Thơ,10.0333,105.7833,Vietnam,1237300
Suwon,37.2667,127.0167,South Korea,1234300
Yiwu,29.3081,120.0698,China,1234015
Bagam,1.0833,104.0333,Indonesia,1230097
Beidao,34.602,105.918,China,1225000
Vasai,19.47,72.8,India,1222390
Xiangshui,26.5964,104.8314,China,1221000
Jacksonville,30.3322,-81.6749,United States,1220191
Akçaabat,41.0167,39.55,Turkey,1215351
Dadukou,26.5849,101.7149,China,1214121
Campinas,-22.9058,-47.0608,Brazil,1213792
Lingcheng,22.7,110.35,China,1211637
Vila Velha,3.2167,-51.2167,Brazil,1209091
Mombasa,-4.05,39.6667,Kenya,1208333
Najafgarh,28.6092,76.9798,India,1203180
Xinyu,27.795,114.9242,China,1202499
Chelyabinsk,55.15,61.4,Russia,1202371
Qom,34.64,50.8764,Iran,1201158
Hargeysa,9.5631,44.0675,Somalia,1200000
Zhangye,38.9355,100.4553,China,1199515
Gāzipura,23.9889,90.375,Bangladesh,1199215
Vārānasi,25.3189,83.0128,India,1198491
Hiroshima,34.3914,132.4519,Japan,1198021
Chiang Mai,18.7953,98.9986,Thailand,1198000
Maiduguri,11.8333,13.15,Nigeria,1197497
Maputo,-25.9667,32.5833,Mozambique,1191613
Mbandaka,0.0478,18.2558,Congo (Kinshasa),1187837
Doha,25.2867,51.5333,Qatar,1186023
Medina,24.47,39.61,Saudi Arabia,1180770
Srīnagar,34.09,74.79,India,1180570
Omsk,54.9667,73.3833,Russia,1178391
Liaoyuan,42.8976,125.1381,China,1176239
Yingtan,28.2333,117,China,1175000
Cilacap,-7.7167,109.017,Indonesia,1174964
Dublin,53.35,-6.2603,Ireland,1173179
Pikine,14.75,-17.4,Senegal,1170791
Samara,53.2028,50.1408,Russia,1169719
Guankou,28.1417,113.625,China,1168056
Bandar Lampung,-5.45,105.2667,Indonesia,1166761
Ulsan,35.55,129.3167,South Korea,1166033
Dingzhou,38.5158,114.9845,China,1165182
Lianyuan,27.6961,111.6659,China,1162928
Rongcheng,29.8239,112.9019,China,1162770
Dhanbād,23.7998,86.4305,India,1162472
Nay Pyi Taw,19.7475,96.115,Myanmar,1160242
Kaiyuan,36.0656,113.8153,China,1160000
Zhuji,29.7169,120.2314,China,1157938
Kigali,-1.9536,30.0606,Rwanda,1156663
Leiyang,26.4179,112.8457,China,1151554
Yichun,47.7235,128.8893,China,1148126
Benin City,6.3333,5.6222,Nigeria,1147188
Bafoussam,5.4667,10.4167,Cameroon,1146000
Xiantao,30.3833,113.4,China,1140100
Rostov,47.2333,39.7,Russia,1137704
Salt Lake City,40.7776,-111.9311,United States,1135344
Bukavu,-2.5,28.8667,Congo (Kinshasa),1133000
Amritsar,31.64,74.86,India,1132383
Shagamu,6.8333,3.65,Nigeria,1132270
Yingchuan,34.1511,113.4733,China,1131896
Alīgarh,27.88,78.08,India,1131160
Callao,-12.0333,-77.1333,Peru,1129854
Tbilisi,41.7225,44.7925,Georgia,1118035
Guwāhāti,26.1722,91.7458,India,1116267
Ufa,54.7261,55.9475,Russia,1115560
Fès,34.0433,-5.0033,Morocco,1112072
Ciudad Nezahualcóyotl,19.4081,-99.0186,Mexico,1109363
São Luís,-2.5283,-44.3044,Brazil,1108975
Biên Hòa,10.95,106.8167,Vietnam,1104000
Mexicali,32.6633,-115.4678,Mexico,1102342
Sevilla,37.24,-5.99,Spain,1100000
Ikare,7.5167,5.75,Nigeria,1099931
Nashville,36.1715,-86.7842,United States,1098486
Xibeijie,39.737,98.5049,China,1095947
Tamale,9.4075,-0.8533,Ghana,1095808
Yuyao,30.0372,121.1546,China,1095000
Hanchuan,30.652,113.8274,China,1092700
Gongzhuling,43.5036,124.8088,China,1092692
N’Djamena,12.11,15.05,Chad,1092066
Krasnoyarsk,56.0089,92.8719,Russia,1083865
Cologne,50.9364,6.9528,Germany,1083498
Zhufeng,36,119.4167,China,1081960
Ezhou,30.3972,114.8842,China,1079353
Nur-Sultan,51.1472,71.4222,Kazakhstan,1078362
São Gonçalo,-22.8269,-43.0539,Brazil,1077687
Nezahualcóyotl,19.4006,-99.0148,Mexico,1077208
Nouakchott,18.0858,-15.9785,Mauritania,1077169
Hāora,22.58,88.3294,India,1077075
Tongjin,37.2333,127.2,South Korea,1076369
Xiashi,30.5333,120.6833,China,1076199
Yerevan,40.1814,44.5144,Armenia,1075800
Bujumbura,-3.3833,29.3667,Burundi,1075000
Bishkek,42.8747,74.6122,Kyrgyzstan,1074075
Vereeniging,-26.6736,27.9319,South Africa,1074000
Taixing,32.1724,120.0142,China,1073921
Rānchi,23.36,85.33,India,1073440
Gwalior,26.2215,78.178,India,1069276
Zhongwei,37.5139,105.1884,China,1067336
Oslo,59.9133,10.7389,Norway,1064235
Edmonton,53.5344,-113.4903,Canada,1062643
Raleigh,35.8324,-78.6429,United States,1062018
Goyang,37.65,126.8,South Korea,1061929
Sendai,38.2682,140.8694,Japan,1061177
Mizhou,35.99,119.3801,China,1060000
Xishan,27.6609,113.4946,China,1060000
Barquisimeto,10.0678,-69.3467,Venezuela,1059092
Hegang,47.3139,130.2775,China,1058665
Tunis,36.8064,10.1817,Tunisia,1056247
Chandīgarh,30.75,76.78,India,1055450
Voronezh,51.6717,39.2106,Russia,1050602
Vijayavāda,16.5193,80.6305,India,1048240
Perm,58.0139,56.2489,Russia,1048005
Fangchenggang,21.6,108.3,China,1046068
Changwon,35.2708,128.6631,South Korea,1046054
Shouguang,36.8833,118.7333,China,1039205
Cartagena,10.4,-75.5,Colombia,1036412
Memphis,35.1087,-89.9663,United States,1034498
Jodhpur,26.28,73.02,India,1033918
Matola,-25.9667,32.4667,Mozambique,1032197
Ogbomoso,8.1333,4.25,Nigeria,1032000
Sanya,18.2533,109.5036,China,1031396
Rangapukur,25.56,89.25,Bangladesh,1031388
Bogor,-6.5966,106.7972,Indonesia,1030720
Wutong,30.6326,120.5474,China,1029754
Linhai,28.8523,121.1409,China,1028813
Managua,12.1544,-86.2738,Nicaragua,1028808
Shymkent,42.3167,69.5958,Kazakhstan,1028673
Denizli,37.7667,29.0833,Turkey,1027782
Niamey,13.515,2.1175,Niger,1026848
Shubrā al Khaymah,30.1286,31.2422,Egypt,1025569
Maceió,-9.6658,-35.735,Brazil,1025360
Wafangdian,39.6271,121.9972,China,1024876
Louisville,38.1663,-85.6485,United States,1022630
Zhongxiang,31.169,112.5853,China,1022514
Monrovia,6.3133,-10.8014,Liberia,1021762
Odesa,46.4775,30.7326,Ukraine,1017699
Volgograd,48.7086,44.5147,Russia,1015586
Islamabad,33.6931,73.0639,Pakistan,1014825
Xinyi,22.3559,110.9369,China,1013900
Thủ Đức,10.8266,106.7609,Vietnam,1013795
Raipur,21.25,81.63,India,1010087
Arequipa,-16.4,-71.5333,Peru,1008290
Richmond,37.5295,-77.4756,United States,1008069
Zaoyang,32.1287,112.7581,China,1004741
Buffalo,42.9018,-78.8487,United States,1004655
Xingyi,25.091,104.9011,China,1004132
Shuizhai,33.4433,114.8994,China,1003698
Kota,25.18,75.83,India,1001694
Quetta,30.1833,67,Pakistan,1001205
Bareilly,28.364,79.415,India,1000000
Quảng Hà,15.9333,108.2667,Vietnam,1000000
Domaa-Ahenkro,7.2833,-2.8833,Ghana,1000000
Oklahoma City,35.4676,-97.5136,United States,994284
Xingcheng,24.1681,115.6669,China,993000
Dongtai,32.8534,120.3037,China,990306
Ottawa,45.4247,-75.695,Canada,989567
Lilongwe,-13.9833,33.7833,Malawi,989318
Port-au-Prince,18.5333,-72.3333,Haiti,987310
Yingcheng,24.1878,113.4042,China,986400
Al Mijlad,11.0339,27.74,Sudan,985000
Luocheng,22.7645,111.5745,China,984100
Pekanbaru,0.5092,101.4453,Indonesia,983356
Chiba,35.6073,140.1064,Japan,981738
Dnipro,48.4675,35.04,Ukraine,980948
Godē,5.9527,43.5516,Ethiopia,980782
Danyang,31.9948,119.575,China,980662
Natal,-6.9838,-60.2699,Brazil,980588
Nada,19.5,109.5833,China,977700
Zamboanga City,6.9042,122.0761,Philippines,977234
Kathmandu,27.7172,85.324,Nepal,975453
Bridgeport,41.1918,-73.1954,United States,975078
Kirkuk,35.4667,44.3167,Iraq,975000
Huilong,31.8131,121.6574,China,972525
Wuchuan,21.4283,110.7749,China,972400
Málaga,36.7194,-4.42,Spain,967250
Naples,40.8333,14.25,Italy,966144
Cebu City,10.32,123.75,Philippines,964169
Asmara,15.3228,38.925,Eritrea,963000
Morelia,19.7683,-101.1894,Mexico,962555
Al Manşūrah,31.05,31.3833,Egypt,960423
Coimbatore,11.0168,76.9558,India,959823
Taishan,22.2486,112.785,China,953900
Teresina,-5.0949,-42.8042,Brazil,953172
Kermānshāh,34.3142,47.065,Iran,952285
Solāpur,17.68,75.92,India,951558
Freetown,8.4844,-13.2344,Sierra Leone,951000
Baidoa,3.1167,43.65,Somalia,950000
Gaalkacyo,6.7697,47.4308,Somalia,950000
Santo Domingo Este,18.4855,-69.8734,Dominican Republic,948855
Krasnodar,45.0333,38.9667,Russia,948827
Sŏngnam,37.4333,127.15,South Korea,948757
Vientiane,17.9667,102.6,Laos,948487
Tangier,35.7767,-5.8039,Morocco,947952
Anqiu,36.3619,119.1072,China,947723
Feicheng,36.186,116.772,China,946627
Seberang Jaya,5.4,100.4667,Malaysia,946092
El Alto,-16.5047,-68.1633,Bolivia,943000
Setagaya,35.6466,139.6532,Japan,940509
Khartoum North,15.6333,32.6333,Sudan,936349
Meishan,34.1736,112.839,China,936000
Kisangani,0.5153,25.1911,Congo (Kinshasa),935977
Kitakyūshū,33.8833,130.8833,Japan,935084
Aguascalientes,21.876,-102.296,Mexico,934424
Donetsk,48.0028,37.8053,Ukraine,929063
Marrakech,31.63,-8.0089,Morocco,928850
New Orleans,30.0687,-89.9288,United States,925443
Taihe,30.8706,105.3784,China,924531
Riga,56.9489,24.1064,Latvia,920643
Xin’an,34.3662,118.3369,China,920628
Taihecun,45.768,131.0063,China,920471
Kashgar,39.4681,75.9938,China,920000
Trujillo,-8.112,-79.0288,Peru,919899
Jerusalem,31.7784,35.2066,Israel,919438
Santiago de Cuba,20.0217,-75.8294,Cuba,917340
Trichinopoly,10.7903,78.7047,India,916857
Padang,-0.95,100.3531,Indonesia,914970
Çankaya,39.9244,32.8856,Turkey,914501
Qingzhou,36.6967,118.4797,China,914047
Lichuan,30.2965,108.9378,China,913700
Naucalpan de Juárez,19.4753,-99.2378,Mexico,913681
Santiago del Estero,-27.7833,-64.2667,Argentina,911506
Daye,30.1003,114.9699,China,909724
Fort Worth,32.7817,-97.3474,United States,908469
Hengzhou,22.6896,109.2674,China,908400
Owerri,5.4833,7.0333,Nigeria,908109
Hartford,41.7661,-72.6834,United States,907046
Campo Grande,-20.4839,-54.615,Brazil,906092
Zhuanghe,39.6896,122.9664,China,905852
Bobo-Dioulasso,11.1833,-4.2833,Burkina Faso,903887
Ad Dammām,26.4333,50.1,Saudi Arabia,903312
Quzhou,28.9545,118.8763,China,902767
Lhasa,29.6534,91.1719,China,902500
Bunia,1.5667,30.25,Congo (Kinshasa),900666
Jiaozhou,36.2481,119.9625,China,900500
Mérida,20.97,-89.62,Mexico,892363
Yangchun,22.1717,111.7846,China,891800
Esenyurt,41.047,28.658,Turkey,891120
Bangui,4.3733,18.5628,Central African Republic,889231
Abeokuta,7.1608,3.3483,Nigeria,888924
Cancún,21.1606,-86.8475,Mexico,888797
Morādābād,28.8389,78.7769,India,887871
Antipolo,14.5842,121.1763,Philippines,887399
Dengtalu,36.1386,114.1066,China,887000
Taguig City,14.52,121.05,Philippines,886722
Zhoushan,29.9887,122.2049,China,882932
As Sulaymānīyah,35.5572,45.4356,Iraq,878146
Chihuahua,28.6353,-106.0889,Mexico,878062
Klang,3.0333,101.45,Malaysia,878000
Tiruppūr,11.1085,77.3411,India,877778
Natal,-5.7833,-35.2,Brazil,877662
Gurgaon,28.456,77.029,India,876824
Tucson,32.1541,-110.8787,United States,875284
Ar Ramādī,33.4258,43.2992,Iraq,874543
Hai’an,32.532,120.4604,China,874334
Laiyang,36.9758,120.7136,China,874127
Jalandhar,31.2569,75.4432,India,873725
Kaifeng Chengguanzhen,34.8519,114.3481,China,872000
Eskişehir,39.7767,30.5206,Turkey,871187
Turin,45.0792,7.6761,Italy,870952
Bucaramanga,7.1333,-73,Colombia,870752
Marseille,43.2964,5.37,France,870731
Gaomi,36.3833,119.75,China,868715
Bucheon,37.5,126.7833,South Korea,867678
Ipoh,4.5972,101.075,Malaysia,866772
Saltillo,25.4231,-100.9919,Mexico,864431
Liverpool,53.4075,-2.9919,United Kingdom,864122
Dushanbe,38.5367,68.78,Tajikistan,863400
Ikeja,6.6186,3.3426,Nigeria,861300
Weichanglu,37.1792,119.9333,China,859424
Cochabamba,-17.3833,-66.1667,Bolivia,856198
Portsmouth,50.8058,-1.0872,United Kingdom,855679
Southampton,50.9025,-1.4042,United Kingdom,855569
Hermosillo,29.0989,-110.9542,Mexico,855563
Wuxi,26.5895,111.8481,China,853197
Leping,28.9632,117.1203,China,852800
Oran,35.6969,-0.6331,Algeria,852000
Shache,38.4261,77.25,China,851374
Sale,34.0333,-6.8,Morocco,850403
Hailun,47.4585,126.9632,China,850000
Macheng,31.1817,115.0189,China,849090
Akure,7.25,5.195,Nigeria,847903
Ilorin,8.5,4.55,Nigeria,847582
Erbil,36.1912,44.0092,Iraq,846000
Saratov,51.5333,46.0167,Russia,845300
Iguaçu,-22.74,-43.47,Brazil,844583
Yuci,37.6823,112.7281,China,840000
Dehui,44.5333,125.7,China,839786
Bhubaneshwar,20.27,85.84,India,837737
Lomé,6.1319,1.2228,Togo,837437
Honolulu,21.3294,-157.846,United States,835291
Tongchuan,34.9057,108.9422,China,834437
Cheongju,36.6333,127.4833,South Korea,833276
Chengxiang,31.4515,121.1043,China,831113
Warri,5.5167,5.75,Nigeria,830106
Pointe-Noire,-4.8,11.85,Congo (Brazzaville),829134
Ashgabat,37.95,58.3833,Turkmenistan,828100
Rongjiawan,29.1409,113.1087,China,826000
Thessaloníki,40.6403,22.9347,Greece,824676
Sakai,34.5733,135.4831,Japan,824408
Kālkāji Devi,28.5485,77.2513,India,824177
Mediouna,33.45,-7.51,Morocco,822851
Renqiu,38.7094,116.1008,China,822455
Butterworth,5.3992,100.3639,Malaysia,821652
Xindi,29.8182,113.4653,China,819446
Wu’an,36.6941,114.1847,China,819000
São Bernardo do Campo,-23.7,-46.55,Brazil,816925
Barinas,8.6333,-70.2,Venezuela,816264
Māndvi,19.3,72.85,India,814655
Gaoyou,32.7847,119.4432,China,811800
Yiyang,26.4103,112.3913,China,810447
Hejian,38.4451,116.0897,China,810306
Puxi,35.2125,114.735,China,809535
Bhayandar,19.29,72.85,India,809378
Androtsy,-24.1,46.3,Madagascar,809313
Zagreb,45.8167,15.9833,Croatia,809268
McAllen,26.2252,-98.2467,United States,809002
Culiacán,24.8069,-107.3939,Mexico,808416
Zijinglu,34.7513,112.9854,China,807857
Omaha,41.2627,-96.0529,United States,806485
Dongyang,29.2785,120.2282,China,804398
Pasig City,14.575,121.0833,Philippines,803159
Querétaro,20.5875,-100.3928,Mexico,801940
João Pessoa,-7.12,-34.88,Brazil,801718
Kraków,50.0614,19.9372,Poland,800653
Abaeté,-19.1583,-45.4522,Brazil,800000
Palermo,2.8917,-75.4375,Colombia,800000
Xigazê,29.25,88.8833,China,798153
Qingping,34.538,113.3796,China,797200
Libreville,0.3903,9.4542,Gabon,797003
El Paso,31.8476,-106.43,United States,794344
George Town,5.4144,100.3292,Malaysia,794313
Seyhan,36.9831,35.3328,Turkey,792536
Valencia,39.47,-0.3764,Spain,792492
Hempstead,40.6629,-73.6089,United States,791018
Niigata,37.9161,139.0364,Japan,790646
Leeds,53.8003,-1.5497,United Kingdom,789194
Hamamatsu,34.7108,137.7275,Japan,788211
Xiangxiang,27.7389,112.5223,China,787216
Chaohucun,31.6783,117.7353,China,782000
Lubango,-14.9167,13.5,Angola,776249
Homs,34.7333,36.7167,Syria,775404
Bilbao,43.2569,-2.9236,Spain,775000
Zouping,36.8625,117.7424,China,774517
San Luis Potosí,22.1511,-100.9761,Mexico,772828
Cencheng,22.9297,111.0186,China,772113
Dali,25.6808,100.3003,China,771128
Fuyang,30.0553,119.95,China,771000
Küçükçekmece,41,28.8,Turkey,770317
Khŭjand,40.2833,69.6333,Tajikistan,770000
Korla,41.7259,86.1746,China,770000
Nottingham,52.9533,-1.15,United Kingdom,768638
Hamhŭng,39.9167,127.5333,North Korea,768551
Erzurum,39.9086,41.2769,Turkey,767848
Al ‘Ayn,24.2075,55.7447,United Arab Emirates,766936
Songzi,30.1772,111.7732,China,765911
Albuquerque,35.1054,-106.6465,United States,765693
Frankfurt,50.1106,8.6822,Germany,764104
Rājshāhi,24.3667,88.6,Bangladesh,763580
Patiāla,30.34,76.38,India,763280
Laixi,36.8667,120.5333,China,762900
Zhongba,31.7761,104.7406,China,762140
Bahawalpur,29.3956,71.6836,Pakistan,762111
Cotonou,6.3667,2.4333,Benin,762000
Qamdo,31.1375,97.1777,China,760966
Qingnian,36.8494,115.7061,China,760781
San Pedro Sula,15.5,-88.0333,Honduras,760182
Kaduna,10.5167,7.4333,Nigeria,760084
Xinhualu,34.3962,113.7249,China,758079
Guangshui,31.6189,113.8229,China,755910
Baardheere,2.3333,42.2833,Somalia,755500
Samarinda,-0.5,117.1378,Indonesia,753370
Sizhan,39.0099,106.3694,China,751389
Ciudad Guayana,8.3667,-62.65,Venezuela,751331
Pietermaritzburg,-29.6167,30.3833,South Africa,750845
Burco,9.5279,45.5345,Somalia,750211
Changhua,24.0667,120.5333,Taiwan,750000
Cúcuta,7.8942,-72.5039,Colombia,750000
Dhūlia,20.8997,74.7697,India,750000
Licheng,31.4174,119.4786,China,749522
Tyumen,57.15,65.5333,Russia,744554
Thiruvananthapuram,8.4875,76.9525,India,743691
Nampula,-15.1167,39.2667,Mozambique,743000
